NAME,AREA,DISTRCT,LAT,LONG,RIVER,DETAILS_URL,ALTITUDE,ALKALINITY,DEPTH
Castle Semple Loch,0.79,Clyde,55.79762,-4.60902,Black Cart Water,https://www.sepa.org.uk/data-visualisation/water-classification-hub/?display=information_sheet&waterbodyid=100294,Lowland,Brackish,Shallow
Loch a  Phuill,0.87,Argyll,56.47047,-6.94373,Tiree Coastal,https://www.sepa.org.uk/data-visualisation/water-classification-hub/?display=information_sheet&waterbodyid=100238,Lowland,Brackish,Deep
Balgray Reservoir,0.59,Clyde,55.78436,-4.37255,White Cart Water,https://www.sepa.org.uk/data-visualisation/water-classification-hub/?display=information_sheet&waterbodyid=100299,Lowland,High alkalinity,Deep
Barcraigs Reservoir,0.68,Clyde,55.78119,-4.57309,Black Cart Water,https://www.sepa.org.uk/data-visualisation/water-classification-hub/?display=information_sheet&waterbodyid=100298,Lowland,High alkalinity,Deep
Castle Loch (Lochmaben),0.75,Solway,55.11971,-3.43177,River Annan,https://www.sepa.org.uk/data-visualisation/water-classification-hub/?display=information_sheet&waterbodyid=100322,Lowland,High alkalinity,Shallow
Gartmorn Dam,0.56,Forth,56.12791,-3.73972,Stirling Coastal,https://www.sepa.org.uk/data-visualisation/water-classification-hub/?display=information_sheet&waterbodyid=100276,Lowland,High alkalinity,Deep
Gryfe Reservoirs,0.66,Clyde,55.90887,-4.75657,River Gryfe,https://www.sepa.org.uk/data-visualisation/water-classification-hub/?display=information_sheet&waterbodyid=100285,Lowland,High alkalinity,Deep
Harperrig Reservoir,0.9,Forth,55.83398,-3.44515,Water of Leith,https://www.sepa.org.uk/data-visualisation/water-classification-hub/?display=information_sheet&waterbodyid=100293,Mid-altitude,High alkalinity,Deep
Hillend Reservoir,1.31,Clyde,55.88717,-3.86176,River Clyde,https://www.sepa.org.uk/data-visualisation/water-classification-hub/?display=information_sheet&waterbodyid=100287,Lowland,High alkalinity,Deep
Loch Assapol,0.54,Argyll,56.30687,-6.19817,Island of Mull Coastal,https://www.sepa.org.uk/data-visualisation/water-classification-hub/?display=information_sheet&waterbodyid=100253,Lowland,High alkalinity,Deep
Loch Bhornais,0.5,West Highland,57.23686,-7.41797,South Uist Coastal,https://www.sepa.org.uk/data-visualisation/water-classification-hub/?display=information_sheet&waterbodyid=100165,Lowland,High alkalinity,Deep
Loch Chill Donnain Uarach,0.69,West Highland,57.22601,-7.4112,South Uist Coastal,https://www.sepa.org.uk/data-visualisation/water-classification-hub/?display=information_sheet&waterbodyid=100166,Lowland,High alkalinity,Deep
Loch Coulter Reservoir,0.73,Forth,56.05138,-3.98612,River Carron (Falkirk),https://www.sepa.org.uk/data-visualisation/water-classification-hub/?display=information_sheet&waterbodyid=100279,Mid-altitude,High alkalinity,Deep
Loch Eye,1.6,North Highland,57.79223,-3.96716,Cromarty Coastal,https://www.sepa.org.uk/data-visualisation/water-classification-hub/?display=information_sheet&waterbodyid=100107,Lowland,High alkalinity,Shallow
Loch Fad,0.9,Clyde,55.80925,-5.07155,Island of Bute Coastal,https://www.sepa.org.uk/data-visualisation/water-classification-hub/?display=information_sheet&waterbodyid=100292,Lowland,High alkalinity,Deep
Loch Finlaggan,0.63,Argyll,55.83069,-6.17543,Islay Coastal,https://www.sepa.org.uk/data-visualisation/water-classification-hub/?display=information_sheet&waterbodyid=100286,Lowland,High alkalinity,Deep
Loch Fitty,0.62,Forth,56.10698,-3.41528,River Leven (Fife),https://www.sepa.org.uk/data-visualisation/water-classification-hub/?display=information_sheet&waterbodyid=100278,Lowland,High alkalinity,Shallow
Loch Frisa,4.38,Argyll,56.5636,-6.09146,Island of Mull Coastal,https://www.sepa.org.uk/data-visualisation/water-classification-hub/?display=information_sheet&waterbodyid=100229,Lowland,High alkalinity,Deep
Loch Garbhaig,0.6,West Highland,57.68015,-5.35392,River Ewe,https://www.sepa.org.uk/data-visualisation/water-classification-hub/?display=information_sheet&waterbodyid=100120,Mid-altitude,High alkalinity,Deep
Loch Garve,1.45,North Highland,57.59934,-4.66197,River Conon,https://www.sepa.org.uk/data-visualisation/water-classification-hub/?display=information_sheet&waterbodyid=100134,Lowland,High alkalinity,Deep
Loch Gelly,0.59,Forth,56.11838,-3.28658,River Leven (Fife),https://www.sepa.org.uk/data-visualisation/water-classification-hub/?display=information_sheet&waterbodyid=100277,Lowland,High alkalinity,Shallow
Loch Gorm,2.71,Argyll,55.80511,-6.42142,Islay Coastal,https://www.sepa.org.uk/data-visualisation/water-classification-hub/?display=information_sheet&waterbodyid=100288,Lowland,High alkalinity,Deep
Loch Heilen,0.78,North Highland,58.59637,-3.28383,Thurso Coastal,https://www.sepa.org.uk/data-visualisation/water-classification-hub/?display=information_sheet&waterbodyid=100015,Lowland,High alkalinity,Shallow
Loch Hempriggs,0.88,North Highland,58.4075,-3.12652,Wick Coastal,https://www.sepa.org.uk/data-visualisation/water-classification-hub/?display=information_sheet&waterbodyid=100034,Lowland,High alkalinity,Shallow
Loch Leven,13.71,Forth,56.19814,-3.37586,River Leven (Fife),https://www.sepa.org.uk/data-visualisation/water-classification-hub/?display=information_sheet&waterbodyid=100269,Lowland,High alkalinity,Deep
Loch of Boardhouse,2.36,Orkney and Shetland,59.11337,-3.27893,Orkney Coastal,https://www.sepa.org.uk/data-visualisation/water-classification-hub/?display=information_sheet&waterbodyid=100007,Lowland,High alkalinity,Shallow
Loch of Harray,9.81,Orkney and Shetland,59.02715,-3.2335,Loch of Stenness,https://www.sepa.org.uk/data-visualisation/water-classification-hub/?display=information_sheet&waterbodyid=100008,Lowland,High alkalinity,Shallow
Loch of Hundland,1.01,Orkney and Shetland,59.11611,-3.2342,Orkney Coastal,https://www.sepa.org.uk/data-visualisation/water-classification-hub/?display=information_sheet&waterbodyid=100006,Lowland,High alkalinity,Shallow
Loch of Kirbister,1.01,Orkney and Shetland,58.95427,-3.09916,Orkney Coastal,https://www.sepa.org.uk/data-visualisation/water-classification-hub/?display=information_sheet&waterbodyid=100012,Lowland,High alkalinity,Shallow
Loch of Skaill,0.61,Orkney and Shetland,59.04322,-3.32321,Orkney Coastal,https://www.sepa.org.uk/data-visualisation/water-classification-hub/?display=information_sheet&waterbodyid=100009,Lowland,High alkalinity,Shallow
Loch of Spiggie,0.97,Orkney and Shetland,59.93438,-1.33648,Shetland Coastal,https://www.sepa.org.uk/data-visualisation/water-classification-hub/?display=information_sheet&waterbodyid=100004,Lowland,High alkalinity,Deep
Loch of Swannay,2.33,Orkney and Shetland,59.13423,-3.20519,Orkney Coastal,https://www.sepa.org.uk/data-visualisation/water-classification-hub/?display=information_sheet&waterbodyid=100005,Lowland,High alkalinity,Shallow
Loch of Tankerness,0.64,Orkney and Shetland,58.9684,-2.84374,Orkney Coastal,https://www.sepa.org.uk/data-visualisation/water-classification-hub/?display=information_sheet&waterbodyid=100011,Lowland,High alkalinity,Shallow
Loch of Toftingall,0.5,North Highland,58.45131,-3.38888,Wick River,https://www.sepa.org.uk/data-visualisation/water-classification-hub/?display=information_sheet&waterbodyid=100027,Lowland,High alkalinity,Deep
Loch Olaidh Meadhanach / an Ear,0.69,West Highland,57.2573,-7.37627,South Uist Coastal,https://www.sepa.org.uk/data-visualisation/water-classification-hub/?display=information_sheet&waterbodyid=100162,Lowland,High alkalinity,Shallow
Loch Ore,0.85,Forth,56.146,-3.3464,River Leven (Fife),https://www.sepa.org.uk/data-visualisation/water-classification-hub/?display=information_sheet&waterbodyid=100274,Lowland,High alkalinity,Deep
Loch Scarmclate,0.76,North Highland,58.51733,-3.39309,Wick River,https://www.sepa.org.uk/data-visualisation/water-classification-hub/?display=information_sheet&waterbodyid=100020,Lowland,High alkalinity,Shallow
Loch Thom,1.47,Clyde,55.91217,-4.78848,Inverclyde Coastal,https://www.sepa.org.uk/data-visualisation/water-classification-hub/?display=information_sheet&waterbodyid=100284,Lowland,High alkalinity,Deep
Loch Ussie,0.82,North Highland,57.57878,-4.50178,Cromarty Coastal,https://www.sepa.org.uk/data-visualisation/water-classification-hub/?display=information_sheet&waterbodyid=100139,Lowland,High alkalinity,Shallow
Loch Watten,3.73,North Highland,58.48706,-3.32372,Wick River,https://www.sepa.org.uk/data-visualisation/water-classification-hub/?display=information_sheet&waterbodyid=100022,Lowland,High alkalinity,Shallow
Milton Loch,0.58,Solway,55.02457,-3.81608,Stewartry Coastal,https://www.sepa.org.uk/data-visualisation/water-classification-hub/?display=information_sheet&waterbodyid=100330,Lowland,High alkalinity,Shallow
Rescobie Loch,0.59,Tay,56.65457,-2.7912,Lunan Water,https://www.sepa.org.uk/data-visualisation/water-classification-hub/?display=information_sheet&waterbodyid=100226,Lowland,High alkalinity,Deep
Roughrigg Reservoir,0.53,Clyde,55.85542,-3.9017,River Clyde,https://www.sepa.org.uk/data-visualisation/water-classification-hub/?display=information_sheet&waterbodyid=100290,Mid-altitude,High alkalinity,Deep
St John s Loch,0.78,North Highland,58.63075,-3.33556,Thurso Coastal,https://www.sepa.org.uk/data-visualisation/water-classification-hub/?display=information_sheet&waterbodyid=100014,Lowland,High alkalinity,Shallow
Strathclyde Loch,0.82,Clyde,55.7925,-4.03069,River Clyde,https://www.sepa.org.uk/data-visualisation/water-classification-hub/?display=information_sheet&waterbodyid=100296,Lowland,High alkalinity,Deep
Thurstonfield Lough,0.0844,Solway,54.8963,-3.062,River Eden,https://www.sepa.org.uk/data-visualisation/water-classification-hub/?display=information_sheet&waterbodyid=GB30228429,,High alkalinity,Very Shallow
Blackwater Reservoir,10.91,Argyll,56.70455,-4.76754,River Leven (Lochaber),https://www.sepa.org.uk/data-visualisation/water-classification-hub/?display=information_sheet&waterbodyid=100219,Mid-altitude,Low alkalinity,Deep
Blea Water,0.1666,Solway,54.4888,-2.8526,River Eden,https://www.sepa.org.uk/data-visualisation/water-classification-hub/?display=information_sheet&waterbodyid=GB30229146,,Low alkalinity,Shallow
Brothers Water,0.1895,Solway,54.5066,-2.9237,River Eden,https://www.sepa.org.uk/data-visualisation/water-classification-hub/?display=information_sheet&waterbodyid=GB30229116,,Low alkalinity,Shallow
Camps Reservoir,0.71,Clyde,55.48627,-3.56983,River Clyde,https://www.sepa.org.uk/data-visualisation/water-classification-hub/?display=information_sheet&waterbodyid=100308,Mid-altitude,Low alkalinity,Deep
Clatteringshaws Loch,3.87,Solway,55.06608,-4.28409,River Dee (Solway),https://www.sepa.org.uk/data-visualisation/water-classification-hub/?display=information_sheet&waterbodyid=100325,Lowland,Low alkalinity,Deep
Daer Reservoir,1.97,Clyde,55.35334,-3.6169,River Clyde,https://www.sepa.org.uk/data-visualisation/water-classification-hub/?display=information_sheet&waterbodyid=100313,Mid-altitude,Low alkalinity,Deep
Dunalastair Water,1.45,Tay,56.69928,-4.12927,River Tay,https://www.sepa.org.uk/data-visualisation/water-classification-hub/?display=information_sheet&waterbodyid=100222,Lowland,Low alkalinity,Deep
Earlstoun Loch,0.51,Solway,55.12288,-4.1778,River Dee (Solway),https://www.sepa.org.uk/data-visualisation/water-classification-hub/?display=information_sheet&waterbodyid=100321,Lowland,Low alkalinity,Deep
Fionn Loch Mor,0.52,North Highland,58.16837,-4.8329,River Cassley,https://www.sepa.org.uk/data-visualisation/water-classification-hub/?display=information_sheet&waterbodyid=100068,Mid-altitude,Low alkalinity,Deep
Glen Doe Reservoir,1.408,North Highland,57.09608,-4.54399,River Ness,https://www.sepa.org.uk/data-visualisation/water-classification-hub/?display=information_sheet&waterbodyid=100640,Mid-altitude,Low alkalinity,Deep
Glen Finglas Reservoir,1.38,Forth,56.25288,-4.38379,River Forth,https://www.sepa.org.uk/data-visualisation/water-classification-hub/?display=information_sheet&waterbodyid=100262,Lowland,Low alkalinity,Deep
Gorm Loch Mor,0.73,North Highland,58.17734,-4.86072,River Cassley,https://www.sepa.org.uk/data-visualisation/water-classification-hub/?display=information_sheet&waterbodyid=100066,Mid-altitude,Low alkalinity,Deep
Grisedale Tarn,0.1103,Solway,54.4994,-3.0074,River Eden,https://www.sepa.org.uk/data-visualisation/water-classification-hub/?display=information_sheet&waterbodyid=GB30229129,,Low alkalinity,Shallow
Hayeswater,0.1618,Solway,54.5017,-2.8795,River Eden,https://www.sepa.org.uk/data-visualisation/water-classification-hub/?display=information_sheet&waterbodyid=GB30229125,,Low alkalinity,Very Shallow
Locanan Lacasdail,0.56,West Highland,57.91668,-6.75708,Lewis and Harris Coastal,https://www.sepa.org.uk/data-visualisation/water-classification-hub/?display=information_sheet&waterbodyid=100094,Lowland,Low alkalinity,Deep
Loch a  Bhaid-luachraich,1.3,West Highland,57.81476,-5.55053,Torridon Coastal,https://www.sepa.org.uk/data-visualisation/water-classification-hub/?display=information_sheet&waterbodyid=100102,Lowland,Low alkalinity,Deep
Loch a  Bhraoin,1.63,West Highland,57.72045,-5.12906,River Broom,https://www.sepa.org.uk/data-visualisation/water-classification-hub/?display=information_sheet&waterbodyid=100112,Mid-altitude,Low alkalinity,Deep
Loch a  Chrathaich,0.76,North Highland,57.2524,-4.71289,River Ness,https://www.sepa.org.uk/data-visualisation/water-classification-hub/?display=information_sheet&waterbodyid=100173,Mid-altitude,Low alkalinity,Deep
Loch a  Chroisg,2.57,North Highland,57.57589,-5.14256,River Conon,https://www.sepa.org.uk/data-visualisation/water-classification-hub/?display=information_sheet&waterbodyid=100137,Lowland,Low alkalinity,Deep
Loch a  Ghriama,1.09,North Highland,58.19783,-4.73963,River Shin,https://www.sepa.org.uk/data-visualisation/water-classification-hub/?display=information_sheet&waterbodyid=100058,Lowland,Low alkalinity,Deep
Loch Achall,1.3,West Highland,57.90813,-5.07946,Minch Coastal,https://www.sepa.org.uk/data-visualisation/water-classification-hub/?display=information_sheet&waterbodyid=100097,Lowland,Low alkalinity,Deep
Loch Achonachie,0.73,North Highland,57.55606,-4.61285,River Conon,https://www.sepa.org.uk/data-visualisation/water-classification-hub/?display=information_sheet&waterbodyid=100142,Lowland,Low alkalinity,Deep
Loch Achray,0.72,Forth,56.22733,-4.39839,River Forth,https://www.sepa.org.uk/data-visualisation/water-classification-hub/?display=information_sheet&waterbodyid=100264,Lowland,Low alkalinity,Deep
Loch Affric,2.25,North Highland,57.25284,-5.05535,River Beauly,https://www.sepa.org.uk/data-visualisation/water-classification-hub/?display=information_sheet&waterbodyid=100170,Mid-altitude,Low alkalinity,Deep
Loch Ailsh,1.05,North Highland,58.05508,-4.85655,River Oykel,https://www.sepa.org.uk/data-visualisation/water-classification-hub/?display=information_sheet&waterbodyid=100086,Lowland,Low alkalinity,Shallow
Loch Alvie,0.58,North East Scotland,57.16324,-3.87529,River Spey,https://www.sepa.org.uk/data-visualisation/water-classification-hub/?display=information_sheet&waterbodyid=100181,Mid-altitude,Low alkalinity,Deep
Loch an Doire Dhuibh,0.77,West Highland,58.04779,-5.1556,Minch Coastal,https://www.sepa.org.uk/data-visualisation/water-classification-hub/?display=information_sheet&waterbodyid=100087,Lowland,Low alkalinity,Deep
Loch an Dubh-lochain,0.52,West Highland,57.04267,-5.59069,Sounds Coastal,https://www.sepa.org.uk/data-visualisation/water-classification-hub/?display=information_sheet&waterbodyid=100191,Lowland,Low alkalinity,Deep
Loch an Eilein,0.56,North East Scotland,57.14688,-3.82417,River Spey,https://www.sepa.org.uk/data-visualisation/water-classification-hub/?display=information_sheet&waterbodyid=100183,Mid-altitude,Low alkalinity,Deep
Loch an Fhir Mhaoil,0.54,West Highland,58.13249,-6.78851,Abhainn Ghriomarstaidh,https://www.sepa.org.uk/data-visualisation/water-classification-hub/?display=information_sheet&waterbodyid=100060,Lowland,Low alkalinity,Deep
Loch an t-Seilich,1.13,North East Scotland,56.95166,-4.04451,River Spey,https://www.sepa.org.uk/data-visualisation/water-classification-hub/?display=information_sheet&waterbodyid=100199,Mid-altitude,Low alkalinity,Deep
Loch Ard,2.14,Forth,56.18292,-4.47416,River Forth,https://www.sepa.org.uk/data-visualisation/water-classification-hub/?display=information_sheet&waterbodyid=100270,Lowland,Low alkalinity,Deep
Loch Arkaig,15.97,Argyll,56.96952,-5.15376,River Lochy,https://www.sepa.org.uk/data-visualisation/water-classification-hub/?display=information_sheet&waterbodyid=100197,Lowland,Low alkalinity,Deep
Loch Avich,3.48,Argyll,56.27794,-5.33552,River Awe,https://www.sepa.org.uk/data-visualisation/water-classification-hub/?display=information_sheet&waterbodyid=100259,Lowland,Low alkalinity,Deep
Loch Avon,0.56,North East Scotland,57.1025,-3.6281,River Spey,https://www.sepa.org.uk/data-visualisation/water-classification-hub/?display=information_sheet&waterbodyid=100189,Mid-altitude,Low alkalinity,Deep
Loch Ba,2.49,Tay,56.61475,-4.7326,River Tay,https://www.sepa.org.uk/data-visualisation/water-classification-hub/?display=information_sheet&waterbodyid=100228,Mid-altitude,Low alkalinity,Shallow
Loch Bad an Sgalaig,1.32,West Highland,57.6755,-5.60914,Torridon Coastal,https://www.sepa.org.uk/data-visualisation/water-classification-hub/?display=information_sheet&waterbodyid=100118,Lowland,Low alkalinity,Deep
Loch Beannacharain,1.02,North Highland,57.51827,-4.95408,River Conon,https://www.sepa.org.uk/data-visualisation/water-classification-hub/?display=information_sheet&waterbodyid=100146,Lowland,Low alkalinity,Deep
Loch Beannacharan,0.71,North Highland,57.40852,-4.82565,River Beauly,https://www.sepa.org.uk/data-visualisation/water-classification-hub/?display=information_sheet&waterbodyid=100153,Lowland,Low alkalinity,Deep
Loch Beinn a  Mheadhoin,3.94,North Highland,57.2814,-4.92903,River Beauly,https://www.sepa.org.uk/data-visualisation/water-classification-hub/?display=information_sheet&waterbodyid=100168,Mid-altitude,Low alkalinity,Deep
Loch Beinn Iosbhal,0.76,West Highland,58.06496,-6.93979,Lewis and Harris Coastal,https://www.sepa.org.uk/data-visualisation/water-classification-hub/?display=information_sheet&waterbodyid=100075,Lowland,Low alkalinity,Deep
Loch Benachally,0.67,Tay,56.63536,-3.5163,River Tay,https://www.sepa.org.uk/data-visualisation/water-classification-hub/?display=information_sheet&waterbodyid=100230,Mid-altitude,Low alkalinity,Deep
Loch Beoraid,1.58,West Highland,56.90642,-5.55303,River Morar,https://www.sepa.org.uk/data-visualisation/water-classification-hub/?display=information_sheet&waterbodyid=100201,Lowland,Low alkalinity,Deep
Loch Bradan,2.15,Clyde,55.24518,-4.48059,Water of Girvan,https://www.sepa.org.uk/data-visualisation/water-classification-hub/?display=information_sheet&waterbodyid=100316,Mid-altitude,Low alkalinity,Deep
Loch Brora (North Basin),1.01,North Highland,58.05761,-3.96709,River Brora,https://www.sepa.org.uk/data-visualisation/water-classification-hub/?display=information_sheet&waterbodyid=100090,Lowland,Low alkalinity,Deep
Loch Brora (South Basin),0.67,North Highland,58.04513,-3.94561,River Brora,https://www.sepa.org.uk/data-visualisation/water-classification-hub/?display=information_sheet&waterbodyid=100092,Lowland,Low alkalinity,Deep
Loch Bruicheach,0.94,North Highland,57.3921,-4.57713,River Beauly,https://www.sepa.org.uk/data-visualisation/water-classification-hub/?display=information_sheet&waterbodyid=100158,Mid-altitude,Low alkalinity,Deep
Loch Buidhe,0.56,North Highland,57.95473,-4.26129,River Fleet,https://www.sepa.org.uk/data-visualisation/water-classification-hub/?display=information_sheet&waterbodyid=100096,Lowland,Low alkalinity,Deep
Loch Calavie,0.65,North Highland,57.39827,-5.24672,River Beauly,https://www.sepa.org.uk/data-visualisation/water-classification-hub/?display=information_sheet&waterbodyid=100154,Mid-altitude,Low alkalinity,Deep
Loch Choire,2.9,North Highland,58.22541,-4.33044,River Naver,https://www.sepa.org.uk/data-visualisation/water-classification-hub/?display=information_sheet&waterbodyid=100051,Lowland,Low alkalinity,Deep
Loch Chon,1.06,Forth,56.21447,-4.54856,River Forth,https://www.sepa.org.uk/data-visualisation/water-classification-hub/?display=information_sheet&waterbodyid=100265,Lowland,Low alkalinity,Deep
Loch Clair,0.63,West Highland,57.56074,-5.3467,River Ewe,https://www.sepa.org.uk/data-visualisation/water-classification-hub/?display=information_sheet&waterbodyid=100138,Lowland,Low alkalinity,Deep
Loch Cluanie,10.46,North Highland,57.14137,-5.10373,River Ness,https://www.sepa.org.uk/data-visualisation/water-classification-hub/?display=information_sheet&waterbodyid=100178,Mid-altitude,Low alkalinity,Deep
Loch Coruisk,0.86,West Highland,57.20705,-6.17034,Isle of Skye Coastal,https://www.sepa.org.uk/data-visualisation/water-classification-hub/?display=information_sheet&waterbodyid=100174,Lowland,Low alkalinity,Deep
Loch Dee,1,Solway,55.0821,-4.39993,River Dee (Solway),https://www.sepa.org.uk/data-visualisation/water-classification-hub/?display=information_sheet&waterbodyid=100324,Mid-altitude,Low alkalinity,Deep
Loch Doilet,0.53,Argyll,56.74921,-5.58808,River Shiel,https://www.sepa.org.uk/data-visualisation/water-classification-hub/?display=information_sheet&waterbodyid=100215,Lowland,Low alkalinity,Deep
Loch Doon,8.19,Clyde,55.25033,-4.36479,River Doon,https://www.sepa.org.uk/data-visualisation/water-classification-hub/?display=information_sheet&waterbodyid=100314,Mid-altitude,Low alkalinity,Deep
Loch Drunkie,0.58,Forth,56.20974,-4.35136,River Forth,https://www.sepa.org.uk/data-visualisation/water-classification-hub/?display=information_sheet&waterbodyid=100268,Lowland,Low alkalinity,Deep
Loch Dughaill,0.98,West Highland,57.47065,-5.34317,River Carron (Wester Ross),https://www.sepa.org.uk/data-visualisation/water-classification-hub/?display=information_sheet&waterbodyid=100149,Lowland,Low alkalinity,Deep
Loch Dun na Cille,0.51,West Highland,57.14529,-7.38048,South Uist Coastal,https://www.sepa.org.uk/data-visualisation/water-classification-hub/?display=information_sheet&waterbodyid=100176,Lowland,Low alkalinity,Deep
Loch Eigheach,1.32,Tay,56.67972,-4.53249,River Tay,https://www.sepa.org.uk/data-visualisation/water-classification-hub/?display=information_sheet&waterbodyid=100224,Mid-altitude,Low alkalinity,Shallow
Loch Eilde Mor,0.95,Argyll,56.73408,-4.89196,River Leven (Lochaber),https://www.sepa.org.uk/data-visualisation/water-classification-hub/?display=information_sheet&waterbodyid=100217,Mid-altitude,Low alkalinity,Deep
Loch Eilt,1.8,Argyll,56.88021,-5.5925,Ardnamurchan Coastal,https://www.sepa.org.uk/data-visualisation/water-classification-hub/?display=information_sheet&waterbodyid=100206,Lowland,Low alkalinity,Deep
Loch Errochty,3.03,Tay,56.76078,-4.15255,River Tay,https://www.sepa.org.uk/data-visualisation/water-classification-hub/?display=information_sheet&waterbodyid=100216,Mid-altitude,Low alkalinity,Deep
Loch Fad a  Gobha,1.19,West Highland,58.11899,-6.6829,Lewis and Harris Coastal,https://www.sepa.org.uk/data-visualisation/water-classification-hub/?display=information_sheet&waterbodyid=100063,Lowland,Low alkalinity,Deep
Loch Fannich,10.8,North Highland,57.64555,-4.9994,River Conon,https://www.sepa.org.uk/data-visualisation/water-classification-hub/?display=information_sheet&waterbodyid=100124,Mid-altitude,Low alkalinity,Deep
Loch Fiag,1.47,North Highland,58.22518,-4.64448,River Shin,https://www.sepa.org.uk/data-visualisation/water-classification-hub/?display=information_sheet&waterbodyid=100052,Lowland,Low alkalinity,Deep
Loch Finlas,0.77,Clyde,55.2547,-4.42585,River Doon,https://www.sepa.org.uk/data-visualisation/water-classification-hub/?display=information_sheet&waterbodyid=100315,Mid-altitude,Low alkalinity,Deep
Loch Garasdale,0.55,Argyll,55.70164,-5.5568,Kintyre Coastal,https://www.sepa.org.uk/data-visualisation/water-classification-hub/?display=information_sheet&waterbodyid=100303,Lowland,Low alkalinity,Deep
Loch Garry,1.64,Tay,56.80376,-4.24511,River Tay,https://www.sepa.org.uk/data-visualisation/water-classification-hub/?display=information_sheet&waterbodyid=100349,Mid-altitude,Low alkalinity,Deep
Loch Ghuilbinn,0.59,Argyll,56.83446,-4.6012,River Lochy,https://www.sepa.org.uk/data-visualisation/water-classification-hub/?display=information_sheet&waterbodyid=100212,Mid-altitude,Low alkalinity,Deep
Loch Glascarnoch,5.32,North Highland,57.71388,-4.83717,River Conon,https://www.sepa.org.uk/data-visualisation/water-classification-hub/?display=information_sheet&waterbodyid=100113,Mid-altitude,Low alkalinity,Deep
Loch Glass,4.82,North Highland,57.7202,-4.50217,River Glass,https://www.sepa.org.uk/data-visualisation/water-classification-hub/?display=information_sheet&waterbodyid=100115,Mid-altitude,Low alkalinity,Deep
Loch Grannoch,1.11,Solway,55.00234,-4.28088,River Dee (Solway),https://www.sepa.org.uk/data-visualisation/water-classification-hub/?display=information_sheet&waterbodyid=100331,Mid-altitude,Low alkalinity,Deep
Loch Hope,6.38,North Highland,58.45518,-4.63573,River Hope,https://www.sepa.org.uk/data-visualisation/water-classification-hub/?display=information_sheet&waterbodyid=100019,Lowland,Low alkalinity,Deep
Loch Huna,0.51,West Highland,57.57742,-7.33581,North Uist Coastal,https://www.sepa.org.uk/data-visualisation/water-classification-hub/?display=information_sheet&waterbodyid=100126,Lowland,Low alkalinity,Shallow
Loch Insh,1.31,North East Scotland,57.11605,-3.9327,River Spey,https://www.sepa.org.uk/data-visualisation/water-classification-hub/?display=information_sheet&waterbodyid=100187,Mid-altitude,Low alkalinity,Deep
Loch Iubhair,0.61,Tay,56.4083,-4.55303,River Tay,https://www.sepa.org.uk/data-visualisation/water-classification-hub/?display=information_sheet&waterbodyid=100248,Lowland,Low alkalinity,Deep
Loch Katrine,13.26,Forth,56.25575,-4.51767,River Forth,https://www.sepa.org.uk/data-visualisation/water-classification-hub/?display=information_sheet&waterbodyid=100261,Lowland,Low alkalinity,Deep
Loch Ken/River Dee Marshes,6.98,Solway,54.99158,-4.01496,River Dee (Solway),https://www.sepa.org.uk/data-visualisation/water-classification-hub/?display=information_sheet&waterbodyid=100326,Lowland,Low alkalinity,Deep
Loch Killin,0.51,North Highland,57.16114,-4.43547,River Ness,https://www.sepa.org.uk/data-visualisation/water-classification-hub/?display=information_sheet&waterbodyid=100179,Mid-altitude,Low alkalinity,Deep
Loch Knockie,0.71,North Highland,57.18708,-4.55626,River Ness,https://www.sepa.org.uk/data-visualisation/water-classification-hub/?display=information_sheet&waterbodyid=100177,Mid-altitude,Low alkalinity,Deep
Loch Laggan,7.61,Argyll,56.94417,-4.48975,River Lochy,https://www.sepa.org.uk/data-visualisation/water-classification-hub/?display=information_sheet&waterbodyid=100198,Mid-altitude,Low alkalinity,Deep
Loch Laidon,4.83,Tay,56.65504,-4.64176,River Tay,https://www.sepa.org.uk/data-visualisation/water-classification-hub/?display=information_sheet&waterbodyid=100223,Mid-altitude,Low alkalinity,Deep
Loch Lee,0.9,Tay,56.90388,-2.95022,River North Esk (Tayside),https://www.sepa.org.uk/data-visualisation/water-classification-hub/?display=information_sheet&waterbodyid=100209,Mid-altitude,Low alkalinity,Deep
Loch Lomond (North),19.14,Clyde,56.11522,-4.62249,River Leven (Loch Lomond),https://www.sepa.org.uk/data-visualisation/water-classification-hub/?display=information_sheet&waterbodyid=100339,Lowland,Low alkalinity,Deep
Loch Lomond (South),51.59,Clyde,56.11522,-4.62249,River Leven (Loch Lomond),https://www.sepa.org.uk/data-visualisation/water-classification-hub/?display=information_sheet&waterbodyid=100257,Lowland,Low alkalinity,Deep
Loch Loyne,6.3,North Highland,57.10317,-5.01766,River Ness,https://www.sepa.org.uk/data-visualisation/water-classification-hub/?display=information_sheet&waterbodyid=100184,Mid-altitude,Low alkalinity,Deep
Loch Lubnaig,2.32,Forth,56.29132,-4.29178,River Forth,https://www.sepa.org.uk/data-visualisation/water-classification-hub/?display=information_sheet&waterbodyid=100258,Lowland,Low alkalinity,Deep
Loch Luichart,6.28,North Highland,57.61953,-4.77868,River Conon,https://www.sepa.org.uk/data-visualisation/water-classification-hub/?display=information_sheet&waterbodyid=100131,Lowland,Low alkalinity,Deep
Loch ma Stac,0.66,North Highland,57.25616,-4.75032,River Ness,https://www.sepa.org.uk/data-visualisation/water-classification-hub/?display=information_sheet&waterbodyid=100172,Mid-altitude,Low alkalinity,Deep
Loch Maberry,0.68,Solway,55.04054,-4.68364,River Bladnoch,https://www.sepa.org.uk/data-visualisation/water-classification-hub/?display=information_sheet&waterbodyid=100327,Lowland,Low alkalinity,Shallow
Loch Macaterick,0.74,Clyde,55.19253,-4.45191,River Doon,https://www.sepa.org.uk/data-visualisation/water-classification-hub/?display=information_sheet&waterbodyid=100318,Mid-altitude,Low alkalinity,Deep
Loch Maree,27.98,West Highland,57.6865,-5.47315,River Ewe,https://www.sepa.org.uk/data-visualisation/water-classification-hub/?display=information_sheet&waterbodyid=100109,Lowland,Low alkalinity,Deep
Loch Merkland,1.74,North Highland,58.24168,-4.74538,River Shin,https://www.sepa.org.uk/data-visualisation/water-classification-hub/?display=information_sheet&waterbodyid=100048,Lowland,Low alkalinity,Deep
Loch Mhor,4.28,North Highland,57.24391,-4.42527,River Ness,https://www.sepa.org.uk/data-visualisation/water-classification-hub/?display=information_sheet&waterbodyid=100171,Lowland,Low alkalinity,Deep
Loch Monar,9.94,North Highland,57.42135,-5.08511,River Beauly,https://www.sepa.org.uk/data-visualisation/water-classification-hub/?display=information_sheet&waterbodyid=100151,Mid-altitude,Low alkalinity,Deep
Loch More (River Laxford Catchment),3.73,West Highland,58.29325,-4.85847,River Laxford,https://www.sepa.org.uk/data-visualisation/water-classification-hub/?display=information_sheet&waterbodyid=100041,Lowland,Low alkalinity,Deep
Loch Morlich,1.21,North East Scotland,57.16323,-3.71272,River Spey,https://www.sepa.org.uk/data-visualisation/water-classification-hub/?display=information_sheet&waterbodyid=100182,Mid-altitude,Low alkalinity,Deep
Loch Moy,0.77,North Highland,57.38591,-4.04082,River Findhorn,https://www.sepa.org.uk/data-visualisation/water-classification-hub/?display=information_sheet&waterbodyid=100160,Mid-altitude,Low alkalinity,Deep
Loch Muick,2.19,North East Scotland,56.93311,-3.17042,River Dee (Grampian),https://www.sepa.org.uk/data-visualisation/water-classification-hub/?display=information_sheet&waterbodyid=100202,Mid-altitude,Low alkalinity,Deep
Loch Mullardoch,9.41,North Highland,57.32801,-5.05546,River Beauly,https://www.sepa.org.uk/data-visualisation/water-classification-hub/?display=information_sheet&waterbodyid=100163,Mid-altitude,Low alkalinity,Deep
Loch na Beinne Baine,0.59,North Highland,57.23108,-4.83963,River Beauly,https://www.sepa.org.uk/data-visualisation/water-classification-hub/?display=information_sheet&waterbodyid=100175,Mid-altitude,Low alkalinity,Deep
Loch na Claise Carnaich,0.56,West Highland,58.42625,-4.9479,Minch Coastal,https://www.sepa.org.uk/data-visualisation/water-classification-hub/?display=information_sheet&waterbodyid=100026,Lowland,Low alkalinity,Deep
Loch na Craobhaig,0.57,West Highland,58.07634,-6.97676,Lewis and Harris Coastal,https://www.sepa.org.uk/data-visualisation/water-classification-hub/?display=information_sheet&waterbodyid=100073,Lowland,Low alkalinity,Deep
Loch na Gainimh,0.61,West Highland,58.11837,-5.09934,Minch Coastal,https://www.sepa.org.uk/data-visualisation/water-classification-hub/?display=information_sheet&waterbodyid=100076,Lowland,Low alkalinity,Deep
Loch na Lairige,0.73,Tay,56.53206,-4.28207,River Tay,https://www.sepa.org.uk/data-visualisation/water-classification-hub/?display=information_sheet&waterbodyid=100240,Mid-altitude,Low alkalinity,Deep
Loch na Sealga,3.65,West Highland,57.79285,-5.30878,Gruinard River,https://www.sepa.org.uk/data-visualisation/water-classification-hub/?display=information_sheet&waterbodyid=100104,Lowland,Low alkalinity,Deep
Loch nam Falcag,0.53,West Highland,58.15055,-6.58742,Lewis and Harris Coastal,https://www.sepa.org.uk/data-visualisation/water-classification-hub/?display=information_sheet&waterbodyid=100056,Lowland,Low alkalinity,Deep
Loch nan Ritheanan,0.51,West Highland,58.11547,-6.49531,Lewis and Harris Coastal,https://www.sepa.org.uk/data-visualisation/water-classification-hub/?display=information_sheet&waterbodyid=100070,Lowland,Low alkalinity,Deep
Loch Nant,2.09,Argyll,56.3664,-5.23906,Etive Coastal,https://www.sepa.org.uk/data-visualisation/water-classification-hub/?display=information_sheet&waterbodyid=100250,Mid-altitude,Low alkalinity,Deep
Loch Nell,1.24,Argyll,56.39225,-5.41726,Knapdale Coastal,https://www.sepa.org.uk/data-visualisation/water-classification-hub/?display=information_sheet&waterbodyid=100246,Lowland,Low alkalinity,Deep
Loch Ness,55.33,North Highland,57.28162,-4.48328,River Ness,https://www.sepa.org.uk/data-visualisation/water-classification-hub/?display=information_sheet&waterbodyid=100156,Lowland,Low alkalinity,Deep
Loch Ob an Lochain,0.7,West Highland,57.93795,-5.12517,Minch Coastal,https://www.sepa.org.uk/data-visualisation/water-classification-hub/?display=information_sheet&waterbodyid=100095,Lowland,Low alkalinity,Deep
Loch Oich,1.9,North Highland,57.0696,-4.77061,River Ness,https://www.sepa.org.uk/data-visualisation/water-classification-hub/?display=information_sheet&waterbodyid=100188,Lowland,Low alkalinity,Deep
Loch Ossian,2.55,Argyll,56.7772,-4.63415,River Lochy,https://www.sepa.org.uk/data-visualisation/water-classification-hub/?display=information_sheet&waterbodyid=100214,Mid-altitude,Low alkalinity,Deep
Loch Quoich,17.46,North Highland,57.06361,-5.28724,River Ness,https://www.sepa.org.uk/data-visualisation/water-classification-hub/?display=information_sheet&waterbodyid=100186,Mid-altitude,Low alkalinity,Deep
Loch Rannoch,18.81,Tay,56.69087,-4.30199,River Tay,https://www.sepa.org.uk/data-visualisation/water-classification-hub/?display=information_sheet&waterbodyid=100221,Mid-altitude,Low alkalinity,Deep
Loch Riecawr,0.85,Clyde,55.21052,-4.46347,River Doon,https://www.sepa.org.uk/data-visualisation/water-classification-hub/?display=information_sheet&waterbodyid=100317,Mid-altitude,Low alkalinity,Deep
Loch Roineabhal,0.64,West Highland,58.10834,-6.69645,Lewis and Harris Coastal,https://www.sepa.org.uk/data-visualisation/water-classification-hub/?display=information_sheet&waterbodyid=100069,Lowland,Low alkalinity,Deep
Loch Scammadale,0.98,Argyll,56.32849,-5.41274,Knapdale Coastal,https://www.sepa.org.uk/data-visualisation/water-classification-hub/?display=information_sheet&waterbodyid=100255,Lowland,Low alkalinity,Deep
Loch Sgamhain,0.59,West Highland,57.52617,-5.17547,River Carron (Wester Ross),https://www.sepa.org.uk/data-visualisation/water-classification-hub/?display=information_sheet&waterbodyid=100144,Lowland,Low alkalinity,Deep
Loch Sgiobacleit,0.76,West Highland,58.06594,-6.55444,Lewis and Harris Coastal,https://www.sepa.org.uk/data-visualisation/water-classification-hub/?display=information_sheet&waterbodyid=100078,Lowland,Low alkalinity,Deep
Loch Shin,32.93,North Highland,58.10564,-4.55607,River Shin,https://www.sepa.org.uk/data-visualisation/water-classification-hub/?display=information_sheet&waterbodyid=100065,Lowland,Low alkalinity,Deep
Loch Sionascaig,5.58,West Highland,58.07433,-5.19802,Minch Coastal,https://www.sepa.org.uk/data-visualisation/water-classification-hub/?display=information_sheet&waterbodyid=100080,Lowland,Low alkalinity,Deep
Loch Sloy,1.26,Clyde,56.27219,-4.77676,River Leven (Loch Lomond),https://www.sepa.org.uk/data-visualisation/water-classification-hub/?display=information_sheet&waterbodyid=100260,Mid-altitude,Low alkalinity,Shallow
Loch Stack,2.52,West Highland,58.33671,-4.92445,River Laxford,https://www.sepa.org.uk/data-visualisation/water-classification-hub/?display=information_sheet&waterbodyid=100039,Lowland,Low alkalinity,Deep
Loch Stranndabhat,0.52,West Highland,58.07418,-6.66268,Lewis and Harris Coastal,https://www.sepa.org.uk/data-visualisation/water-classification-hub/?display=information_sheet&waterbodyid=100074,Lowland,Low alkalinity,Shallow
Loch Tarff,0.54,North Highland,57.15348,-4.60533,River Ness,https://www.sepa.org.uk/data-visualisation/water-classification-hub/?display=information_sheet&waterbodyid=100180,Mid-altitude,Low alkalinity,Deep
Loch Tarsan,1.04,Clyde,56.01285,-5.08635,Cowal / Clyde Sealochs Coastal,https://www.sepa.org.uk/data-visualisation/water-classification-hub/?display=information_sheet&waterbodyid=100282,Lowland,Low alkalinity,Deep
Loch Trealabhal,2.41,West Highland,58.11665,-6.62835,Lewis and Harris Coastal,https://www.sepa.org.uk/data-visualisation/water-classification-hub/?display=information_sheet&waterbodyid=100064,Lowland,Low alkalinity,Shallow
Loch Treig,7.34,Argyll,56.80937,-4.73231,River Lochy,https://www.sepa.org.uk/data-visualisation/water-classification-hub/?display=information_sheet&waterbodyid=100211,Mid-altitude,Low alkalinity,Deep
Loch Trool,0.56,Solway,55.08891,-4.48369,River Cree,https://www.sepa.org.uk/data-visualisation/water-classification-hub/?display=information_sheet&waterbodyid=100323,Lowland,Low alkalinity,Deep
Loch Tulla,2.64,Argyll,56.54678,-4.77462,River Awe,https://www.sepa.org.uk/data-visualisation/water-classification-hub/?display=information_sheet&waterbodyid=100237,Lowland,Low alkalinity,Deep
Loch Tummel,5.79,Tay,56.71074,-3.92903,River Tay,https://www.sepa.org.uk/data-visualisation/water-classification-hub/?display=information_sheet&waterbodyid=100220,Lowland,Low alkalinity,Deep
Loch Vaich,1.6,North Highland,57.75619,-4.78025,River Conon,https://www.sepa.org.uk/data-visualisation/water-classification-hub/?display=information_sheet&waterbodyid=100108,Mid-altitude,Low alkalinity,Deep
Loch Venachar,3.83,Forth,56.22237,-4.30505,River Forth,https://www.sepa.org.uk/data-visualisation/water-classification-hub/?display=information_sheet&waterbodyid=100266,Lowland,Low alkalinity,Deep
Loch Voil,2.17,Forth,56.34801,-4.42286,River Forth,https://www.sepa.org.uk/data-visualisation/water-classification-hub/?display=information_sheet&waterbodyid=100254,Lowland,Low alkalinity,Deep
Lochan Breaclaich,0.51,Tay,56.45533,-4.23651,River Tay,https://www.sepa.org.uk/data-visualisation/water-classification-hub/?display=information_sheet&waterbodyid=100243,Mid-altitude,Low alkalinity,Deep
Lochan Fada,3.77,West Highland,57.68621,-5.31286,River Ewe,https://www.sepa.org.uk/data-visualisation/water-classification-hub/?display=information_sheet&waterbodyid=100117,Mid-altitude,Low alkalinity,Deep
Lochan na h-Earba (east),0.56,Argyll,56.92934,-4.47535,River Lochy,https://www.sepa.org.uk/data-visualisation/water-classification-hub/?display=information_sheet&waterbodyid=100200,Mid-altitude,Low alkalinity,Deep
Lochan na h-Earba (west),1.05,Argyll,56.90651,-4.50918,River Lochy,https://www.sepa.org.uk/data-visualisation/water-classification-hub/?display=information_sheet&waterbodyid=100204,Mid-altitude,Low alkalinity,Deep
Lochindorb,2.15,North Highland,57.40437,-3.71289,River Findhorn,https://www.sepa.org.uk/data-visualisation/water-classification-hub/?display=information_sheet&waterbodyid=100157,Mid-altitude,Low alkalinity,Deep
Lochrutton Loch,0.51,Solway,55.03903,-3.72573,Dumfries Coastal,https://www.sepa.org.uk/data-visualisation/water-classification-hub/?display=information_sheet&waterbodyid=100329,Lowland,Low alkalinity,Deep
Lower Loch Laggan,2.16,Argyll,56.89629,-4.62298,River Lochy,https://www.sepa.org.uk/data-visualisation/water-classification-hub/?display=information_sheet&waterbodyid=100205,Mid-altitude,Low alkalinity,Deep
Lussa Loch,1.2,Argyll,55.5094,-5.62627,Kintyre Coastal,https://www.sepa.org.uk/data-visualisation/water-classification-hub/?display=information_sheet&waterbodyid=100306,Lowland,Low alkalinity,Deep
Orrin Reservoir,4.04,North Highland,57.50685,-4.72088,River Conon,https://www.sepa.org.uk/data-visualisation/water-classification-hub/?display=information_sheet&waterbodyid=100148,Mid-altitude,Low alkalinity,Deep
Red Tarn Helvellyn,0.0781,Solway,54.5284,-3.009,River Eden,https://www.sepa.org.uk/data-visualisation/water-classification-hub/?display=information_sheet&waterbodyid=GB30229083,,Low alkalinity,Shallow
Spey Reservoir,0.87,North East Scotland,57.00903,-4.35556,River Spey,https://www.sepa.org.uk/data-visualisation/water-classification-hub/?display=information_sheet&waterbodyid=100195,Mid-altitude,Low alkalinity,Shallow
Whiteadder Reservoir,0.77,Tweed,55.86401,-2.55718,Whiteadder Water,https://www.sepa.org.uk/data-visualisation/water-classification-hub/?display=information_sheet&waterbodyid=100289,Mid-altitude,Low alkalinity,Deep
Castle Carrock Reservoir,0.1803,Solway,54.8846,-2.7121,River Eden,https://www.sepa.org.uk/data-visualisation/water-classification-hub/?display=information_sheet&waterbodyid=GB30228476,,Marl Lake,Shallow
Alemoor Reservoir,0.52,Tweed,55.42603,-2.95488,River Tweed,https://www.sepa.org.uk/data-visualisation/water-classification-hub/?display=information_sheet&waterbodyid=100312,Mid-altitude,Medium alkalinity,Deep
Backwater Reservoir,1.76,Tay,56.72891,-3.21993,River Tay,https://www.sepa.org.uk/data-visualisation/water-classification-hub/?display=information_sheet&waterbodyid=100218,Mid-altitude,Medium alkalinity,Deep
Ballo Reservoir,0.65,Forth,56.23072,-3.25214,River Leven (Fife),https://www.sepa.org.uk/data-visualisation/water-classification-hub/?display=information_sheet&waterbodyid=100267,Mid-altitude,Medium alkalinity,Deep
Barr Loch,0.82,Clyde,55.78232,-4.63049,Black Cart Water,https://www.sepa.org.uk/data-visualisation/water-classification-hub/?display=information_sheet&waterbodyid=100297,Lowland,Medium alkalinity,Deep
Black Loch,0.5,Solway,54.91295,-4.94669,Galloway Coastal,https://www.sepa.org.uk/data-visualisation/water-classification-hub/?display=information_sheet&waterbodyid=100335,Lowland,Medium alkalinity,Deep
Cam Loch,2.53,West Highland,58.0743,-5.03109,River Kirkaig,https://www.sepa.org.uk/data-visualisation/water-classification-hub/?display=information_sheet&waterbodyid=100081,Lowland,Medium alkalinity,Deep
Carron Valley Reservoir,3.76,Forth,56.03163,-4.09852,River Carron (Falkirk),https://www.sepa.org.uk/data-visualisation/water-classification-hub/?display=information_sheet&waterbodyid=100283,Mid-altitude,Medium alkalinity,Deep
Castle Loch (Machars),0.93,Solway,54.84953,-4.67033,Galloway Coastal,https://www.sepa.org.uk/data-visualisation/water-classification-hub/?display=information_sheet&waterbodyid=100337,Lowland,Medium alkalinity,Shallow
Cobbinshaw Reservoir,1.26,Forth,55.80511,-3.56809,River Almond,https://www.sepa.org.uk/data-visualisation/water-classification-hub/?display=information_sheet&waterbodyid=100295,Mid-altitude,Medium alkalinity,Deep
Dunwan Dam,0.5,Clyde,55.71561,-4.30651,White Cart Water,https://www.sepa.org.uk/data-visualisation/water-classification-hub/?display=information_sheet&waterbodyid=100304,Mid-altitude,Medium alkalinity,Deep
Fionn Loch,0.83,West Highland,58.10609,-5.1746,River Kirkaig,https://www.sepa.org.uk/data-visualisation/water-classification-hub/?display=information_sheet&waterbodyid=100077,Lowland,Medium alkalinity,Deep
Fruid Reservoir,1.09,Tweed,55.45856,-3.4306,River Tweed,https://www.sepa.org.uk/data-visualisation/water-classification-hub/?display=information_sheet&waterbodyid=100311,Mid-altitude,Medium alkalinity,Deep
Gladhouse Reservoir,1.54,Forth,55.77062,-3.11941,River Esk (Lothian),https://www.sepa.org.uk/data-visualisation/water-classification-hub/?display=information_sheet&waterbodyid=100302,Mid-altitude,Medium alkalinity,Deep
Heldale Water,0.64,Orkney and Shetland,58.81101,-3.288,Hoy Coastal,https://www.sepa.org.uk/data-visualisation/water-classification-hub/?display=information_sheet&waterbodyid=100013,Lowland,Medium alkalinity,Deep
Kilbirnie Loch,0.81,Clyde,55.75464,-4.6612,Black Cart Water,https://www.sepa.org.uk/data-visualisation/water-classification-hub/?display=information_sheet&waterbodyid=100300,Lowland,Medium alkalinity,Deep
Lake of Menteith,2.52,Forth,56.17439,-4.29212,River Forth,https://www.sepa.org.uk/data-visualisation/water-classification-hub/?display=information_sheet&waterbodyid=100271,Lowland,Medium alkalinity,Deep
Loch a  Ghlinne,0.52,West Highland,58.00377,-7.03934,Lewis and Harris Coastal,https://www.sepa.org.uk/data-visualisation/water-classification-hub/?display=information_sheet&waterbodyid=100082,Lowland,Medium alkalinity,Deep
Loch Achilty,0.57,North Highland,57.57268,-4.62172,River Conon,https://www.sepa.org.uk/data-visualisation/water-classification-hub/?display=information_sheet&waterbodyid=100140,Lowland,Medium alkalinity,Deep
Loch Airigh na h-Airde,0.91,West Highland,58.11166,-6.73144,Abhainn Ghriomarstaidh,https://www.sepa.org.uk/data-visualisation/water-classification-hub/?display=information_sheet&waterbodyid=100067,Lowland,Medium alkalinity,Deep
Loch an Alltan Fhearna,0.85,North Highland,58.27313,-4.13321,River Helmsdale,https://www.sepa.org.uk/data-visualisation/water-classification-hub/?display=information_sheet&waterbodyid=100046,Lowland,Medium alkalinity,Deep
Loch an Daimh,0.68,North Highland,57.90563,-4.90884,River Oykel,https://www.sepa.org.uk/data-visualisation/water-classification-hub/?display=information_sheet&waterbodyid=100098,Mid-altitude,Medium alkalinity,Deep
Loch an Dheurue,1.96,North Highland,58.39629,-4.49955,Tongue Coastal,https://www.sepa.org.uk/data-visualisation/water-classification-hub/?display=information_sheet&waterbodyid=100031,Lowland,Medium alkalinity,Deep
Loch an Leathiad Bhuain,1.08,West Highland,58.2789,-4.945,Minch Coastal,https://www.sepa.org.uk/data-visualisation/water-classification-hub/?display=information_sheet&waterbodyid=100045,Lowland,Medium alkalinity,Deep
Loch an Ruathair,2.3,North Highland,58.30525,-3.9358,River Helmsdale,https://www.sepa.org.uk/data-visualisation/water-classification-hub/?display=information_sheet&waterbodyid=100044,Lowland,Medium alkalinity,Deep
Loch Arienas,1.73,Argyll,56.5955,-5.77665,River Aline,https://www.sepa.org.uk/data-visualisation/water-classification-hub/?display=information_sheet&waterbodyid=100227,Lowland,Medium alkalinity,Deep
Loch Arklet,2.2,Clyde,56.24682,-4.61946,River Leven (Loch Lomond),https://www.sepa.org.uk/data-visualisation/water-classification-hub/?display=information_sheet&waterbodyid=100263,Lowland,Medium alkalinity,Deep
Loch Ashie,1.37,North Highland,57.38341,-4.28185,River Ness,https://www.sepa.org.uk/data-visualisation/water-classification-hub/?display=information_sheet&waterbodyid=100159,Mid-altitude,Medium alkalinity,Deep
Loch Assynt,8,West Highland,58.17369,-5.04391,River Inver,https://www.sepa.org.uk/data-visualisation/water-classification-hub/?display=information_sheet&waterbodyid=100061,Lowland,Medium alkalinity,Deep
Loch Awe,38.043,Argyll,56.30372,-5.22492,River Awe,https://www.sepa.org.uk/data-visualisation/water-classification-hub/?display=information_sheet&waterbodyid=100585,Lowland,Medium alkalinity,Deep
Loch Awe (North),7.53,Argyll,56.30774,-5.22647,River Awe,https://www.sepa.org.uk/data-visualisation/water-classification-hub/?display=information_sheet&waterbodyid=100340,Lowland,Medium alkalinity,Deep
Loch Awe (South),30.52,Argyll,56.30774,-5.22647,River Awe,https://www.sepa.org.uk/data-visualisation/water-classification-hub/?display=information_sheet&waterbodyid=100247,Lowland,Medium alkalinity,Deep
Loch Bad a  Ghaill,2.59,West Highland,58.03922,-5.26096,Minch Coastal,https://www.sepa.org.uk/data-visualisation/water-classification-hub/?display=information_sheet&waterbodyid=100088,Lowland,Medium alkalinity,Deep
Loch Badanloch / nan Clar / Rimsdale,9.23,North Highland,58.28739,-4.12174,River Helmsdale,https://www.sepa.org.uk/data-visualisation/water-classification-hub/?display=information_sheet&waterbodyid=100042,Lowland,Medium alkalinity,Deep
Loch Beannach,0.52,North Highland,58.08032,-4.37696,River Shin,https://www.sepa.org.uk/data-visualisation/water-classification-hub/?display=information_sheet&waterbodyid=100083,Lowland,Medium alkalinity,Deep
Loch Breabhat,0.92,West Highland,58.31612,-6.56127,Lewis and Harris Coastal,https://www.sepa.org.uk/data-visualisation/water-classification-hub/?display=information_sheet&waterbodyid=100036,Lowland,Medium alkalinity,Deep
Loch Calder,3.81,North Highland,58.52083,-3.59392,River Thurso,https://www.sepa.org.uk/data-visualisation/water-classification-hub/?display=information_sheet&waterbodyid=100017,Lowland,Medium alkalinity,Deep
Loch Caluim,0.72,North Highland,58.44337,-3.67805,Forss Water,https://www.sepa.org.uk/data-visualisation/water-classification-hub/?display=information_sheet&waterbodyid=100028,Lowland,Medium alkalinity,Deep
Loch Carabhat,1.5,West Highland,57.53313,-7.2724,North Uist Coastal,https://www.sepa.org.uk/data-visualisation/water-classification-hub/?display=information_sheet&waterbodyid=100133,Lowland,Medium alkalinity,Deep
Loch Ciaran,0.77,Argyll,55.7301,-5.54362,Kintyre Coastal,https://www.sepa.org.uk/data-visualisation/water-classification-hub/?display=information_sheet&waterbodyid=100301,Lowland,Medium alkalinity,Deep
Loch Coire Geurad,1.03,West Highland,58.09248,-6.8017,Abhainn Ghriomarstaidh,https://www.sepa.org.uk/data-visualisation/water-classification-hub/?display=information_sheet&waterbodyid=100072,Lowland,Medium alkalinity,Deep
Loch Craggie,0.54,North Highland,58.03512,-4.33109,River Shin,https://www.sepa.org.uk/data-visualisation/water-classification-hub/?display=information_sheet&waterbodyid=100093,Lowland,Medium alkalinity,Shallow
Loch Crocach,0.6,West Highland,58.19257,-5.23356,Minch Coastal,https://www.sepa.org.uk/data-visualisation/water-classification-hub/?display=information_sheet&waterbodyid=100057,Lowland,Medium alkalinity,Deep
Loch Damh,3.32,West Highland,57.49536,-5.5704,Torridon Coastal,https://www.sepa.org.uk/data-visualisation/water-classification-hub/?display=information_sheet&waterbodyid=100143,Lowland,Medium alkalinity,Deep
Loch Diabaigas Airde,0.53,West Highland,57.57442,-5.6516,Torridon Coastal,https://www.sepa.org.uk/data-visualisation/water-classification-hub/?display=information_sheet&waterbodyid=100135,Lowland,Medium alkalinity,Deep
Loch Doir a  Ghearrain,0.51,Argyll,56.87129,-5.73027,Ardnamurchan Coastal,https://www.sepa.org.uk/data-visualisation/water-classification-hub/?display=information_sheet&waterbodyid=100207,Lowland,Medium alkalinity,Deep
Loch Druidibeag,2.57,West Highland,57.31623,-7.33421,South Uist Coastal,https://www.sepa.org.uk/data-visualisation/water-classification-hub/?display=information_sheet&waterbodyid=100155,Lowland,Medium alkalinity,Deep
Loch Druidibeg (North),0.67,West Highland,57.32551,-7.35435,South Uist Coastal,https://www.sepa.org.uk/data-visualisation/water-classification-hub/?display=information_sheet&waterbodyid=100152,Lowland,Medium alkalinity,Deep
Loch Duntelchaig,5.55,North Highland,57.35154,-4.29168,River Nairn,https://www.sepa.org.uk/data-visualisation/water-classification-hub/?display=information_sheet&waterbodyid=100161,Mid-altitude,Medium alkalinity,Deep
Loch Earn,9.47,Tay,56.38733,-4.20255,River Earn,https://www.sepa.org.uk/data-visualisation/water-classification-hub/?display=information_sheet&waterbodyid=100251,Lowland,Medium alkalinity,Deep
Loch Eck,4.25,Clyde,56.08363,-4.99305,River Eachaig,https://www.sepa.org.uk/data-visualisation/water-classification-hub/?display=information_sheet&waterbodyid=100272,Lowland,Medium alkalinity,Deep
Loch Einich,0.74,North East Scotland,57.06894,-3.79218,River Spey,https://www.sepa.org.uk/data-visualisation/water-classification-hub/?display=information_sheet&waterbodyid=100193,Mid-altitude,Medium alkalinity,Deep
Loch Enoch,0.5,Clyde,55.13602,-4.43958,River Doon,https://www.sepa.org.uk/data-visualisation/water-classification-hub/?display=information_sheet&waterbodyid=100320,Mid-altitude,Medium alkalinity,Deep
Loch Ericht,22.38,Tay,56.81872,-4.39015,River Tay,https://www.sepa.org.uk/data-visualisation/water-classification-hub/?display=information_sheet&waterbodyid=100203,Mid-altitude,Medium alkalinity,Deep
Loch Fada,0.58,West Highland,57.81707,-5.50872,Minch Coastal,https://www.sepa.org.uk/data-visualisation/water-classification-hub/?display=information_sheet&waterbodyid=100103,Lowland,Medium alkalinity,Deep
Loch Faoghail Charrasan,0.57,West Highland,58.14819,-6.75355,Abhainn Ghriomarstaidh,https://www.sepa.org.uk/data-visualisation/water-classification-hub/?display=information_sheet&waterbodyid=100055,Lowland,Medium alkalinity,Deep
Loch Faoghail Chiorabhal,0.52,West Highland,58.12913,-6.75667,Abhainn Ghriomarstaidh,https://www.sepa.org.uk/data-visualisation/water-classification-hub/?display=information_sheet&waterbodyid=100062,Lowland,Medium alkalinity,Deep
Loch Freuchie,1.39,Tay,56.51785,-3.84735,River Tay,https://www.sepa.org.uk/data-visualisation/water-classification-hub/?display=information_sheet&waterbodyid=100242,Mid-altitude,Medium alkalinity,Deep
Loch Glashan,1.91,Argyll,56.08607,-5.34982,Loch Fyne Coastal,https://www.sepa.org.uk/data-visualisation/water-classification-hub/?display=information_sheet&waterbodyid=100275,Lowland,Medium alkalinity,Deep
Loch Glow,0.51,Forth,56.14601,-3.47074,River Leven (Fife),https://www.sepa.org.uk/data-visualisation/water-classification-hub/?display=information_sheet&waterbodyid=100273,Mid-altitude,Medium alkalinity,Deep
Loch Gruineabhat,1.57,West Highland,58.13756,-6.94895,Lewis and Harris Coastal,https://www.sepa.org.uk/data-visualisation/water-classification-hub/?display=information_sheet&waterbodyid=100053,Lowland,Medium alkalinity,Deep
Loch Kernsary,0.93,West Highland,57.76121,-5.55946,River Ewe,https://www.sepa.org.uk/data-visualisation/water-classification-hub/?display=information_sheet&waterbodyid=100106,Lowland,Medium alkalinity,Deep
Loch Kindar,0.53,Solway,54.96254,-3.61283,Dumfries Coastal,https://www.sepa.org.uk/data-visualisation/water-classification-hub/?display=information_sheet&waterbodyid=100334,Lowland,Medium alkalinity,Deep
Loch Kinord,0.77,North East Scotland,57.08223,-2.92328,River Dee (Grampian),https://www.sepa.org.uk/data-visualisation/water-classification-hub/?display=information_sheet&waterbodyid=100192,Lowland,Medium alkalinity,Shallow
Loch Langabhat,8.95,West Highland,58.06221,-6.79383,Abhainn Ghriomarstaidh,https://www.sepa.org.uk/data-visualisation/water-classification-hub/?display=information_sheet&waterbodyid=100071,Lowland,Medium alkalinity,Deep
Loch Langabhat (South Harris),1.43,West Highland,57.79984,-6.97329,Lewis and Harris Coastal,https://www.sepa.org.uk/data-visualisation/water-classification-hub/?display=information_sheet&waterbodyid=100099,Lowland,Medium alkalinity,Deep
Loch Leathan,1.2,West Highland,57.48528,-6.16646,Isle of Skye Coastal,https://www.sepa.org.uk/data-visualisation/water-classification-hub/?display=information_sheet&waterbodyid=100145,Lowland,Medium alkalinity,Deep
Loch Lednock Reservoir,1.71,Tay,56.44297,-4.08847,River Earn,https://www.sepa.org.uk/data-visualisation/water-classification-hub/?display=information_sheet&waterbodyid=100244,Mid-altitude,Medium alkalinity,Deep
Loch Lochy,17.2,Argyll,56.9661,-4.91618,River Lochy,https://www.sepa.org.uk/data-visualisation/water-classification-hub/?display=information_sheet&waterbodyid=100194,Lowland,Medium alkalinity,Deep
Loch Loyal,6.46,North Highland,58.39419,-4.36055,River Borgie,https://www.sepa.org.uk/data-visualisation/water-classification-hub/?display=information_sheet&waterbodyid=100029,Lowland,Medium alkalinity,Deep
Loch Lundie,1.34,West Highland,57.48121,-5.6639,Torridon Coastal,https://www.sepa.org.uk/data-visualisation/water-classification-hub/?display=information_sheet&waterbodyid=100147,Mid-altitude,Medium alkalinity,Deep
Loch Lurgainn,3.22,West Highland,58.02889,-5.20007,Minch Coastal,https://www.sepa.org.uk/data-visualisation/water-classification-hub/?display=information_sheet&waterbodyid=100091,Lowland,Medium alkalinity,Deep
Loch Lyon,4.92,Tay,56.54077,-4.56797,River Tay,https://www.sepa.org.uk/data-visualisation/water-classification-hub/?display=information_sheet&waterbodyid=100239,Mid-altitude,Medium alkalinity,Deep
Loch Meadie (Naver Catchment),2.11,North Highland,58.33218,-4.55995,River Naver,https://www.sepa.org.uk/data-visualisation/water-classification-hub/?display=information_sheet&waterbodyid=100037,Lowland,Medium alkalinity,Deep
Loch Meiklie,0.79,North Highland,57.33479,-4.6018,River Ness,https://www.sepa.org.uk/data-visualisation/water-classification-hub/?display=information_sheet&waterbodyid=100164,Lowland,Medium alkalinity,Deep
Loch Migdale,1.01,North Highland,57.88822,-4.30224,Dornoch Coastal,https://www.sepa.org.uk/data-visualisation/water-classification-hub/?display=information_sheet&waterbodyid=100100,Lowland,Medium alkalinity,Deep
Loch Moan,0.52,Solway,55.1388,-4.59368,River Cree,https://www.sepa.org.uk/data-visualisation/water-classification-hub/?display=information_sheet&waterbodyid=100319,Mid-altitude,Medium alkalinity,Shallow
Loch Morar,26.83,West Highland,56.95475,-5.68346,River Morar,https://www.sepa.org.uk/data-visualisation/water-classification-hub/?display=information_sheet&waterbodyid=100196,Lowland,Medium alkalinity,Deep
Loch Morie,2.36,North Highland,57.74969,-4.46964,River Alness,https://www.sepa.org.uk/data-visualisation/water-classification-hub/?display=information_sheet&waterbodyid=100111,Lowland,Medium alkalinity,Deep
Loch na h-Oidhche,1.39,West Highland,57.62857,-5.53577,Torridon Coastal,https://www.sepa.org.uk/data-visualisation/water-classification-hub/?display=information_sheet&waterbodyid=100128,Mid-altitude,Medium alkalinity,Deep
Loch nam Brac,0.55,West Highland,58.38229,-5.11602,Minch Coastal,https://www.sepa.org.uk/data-visualisation/water-classification-hub/?display=information_sheet&waterbodyid=100032,Lowland,Medium alkalinity,Deep
Loch nan Eun,1.3,West Highland,57.5853,-7.29201,North Uist Coastal,https://www.sepa.org.uk/data-visualisation/water-classification-hub/?display=information_sheet&waterbodyid=100125,Lowland,Medium alkalinity,Shallow
Loch nan Geireann,1.66,West Highland,57.63069,-7.28904,North Uist Coastal,https://www.sepa.org.uk/data-visualisation/water-classification-hub/?display=information_sheet&waterbodyid=100116,Lowland,Medium alkalinity,Shallow
Loch Naver,5.59,North Highland,58.29453,-4.3653,River Naver,https://www.sepa.org.uk/data-visualisation/water-classification-hub/?display=information_sheet&waterbodyid=100043,Lowland,Medium alkalinity,Deep
Loch Ochiltree,0.72,Solway,55.0366,-4.63507,River Bladnoch,https://www.sepa.org.uk/data-visualisation/water-classification-hub/?display=information_sheet&waterbodyid=100328,Lowland,Medium alkalinity,Shallow
Loch of Cliff,1.05,Orkney and Shetland,60.78851,-0.90016,Unst Coastal,https://www.sepa.org.uk/data-visualisation/water-classification-hub/?display=information_sheet&waterbodyid=100000,Lowland,Medium alkalinity,Deep
Loch of Clunie,0.51,Tay,56.58103,-3.4436,River Tay,https://www.sepa.org.uk/data-visualisation/water-classification-hub/?display=information_sheet&waterbodyid=100236,Lowland,Medium alkalinity,Deep
Loch of Drumellie,0.7,Tay,56.58263,-3.3978,River Tay,https://www.sepa.org.uk/data-visualisation/water-classification-hub/?display=information_sheet&waterbodyid=100234,Lowland,Medium alkalinity,Deep
Loch of Lintrathen,1.69,Tay,56.68002,-3.18054,River Tay,https://www.sepa.org.uk/data-visualisation/water-classification-hub/?display=information_sheet&waterbodyid=100225,Mid-altitude,Medium alkalinity,Deep
Loch of Lowes,0.88,Tay,56.5773,-3.54891,River Tay,https://www.sepa.org.uk/data-visualisation/water-classification-hub/?display=information_sheet&waterbodyid=100235,Lowland,Medium alkalinity,Deep
Loch of Skene,1.14,North East Scotland,57.15749,-2.35783,River Dee (Grampian),https://www.sepa.org.uk/data-visualisation/water-classification-hub/?display=information_sheet&waterbodyid=100185,Lowland,Medium alkalinity,Shallow
Loch of Strathbeg,2.06,North East Scotland,57.61929,-1.87986,Buchan Coastal,https://www.sepa.org.uk/data-visualisation/water-classification-hub/?display=information_sheet&waterbodyid=100136,Lowland,Medium alkalinity,Deep
Loch Olabhat,0.79,West Highland,57.46996,-7.31478,Benbecula Coastal,https://www.sepa.org.uk/data-visualisation/water-classification-hub/?display=information_sheet&waterbodyid=100141,Lowland,Medium alkalinity,Shallow
Loch Orasaigh,0.64,West Highland,58.16324,-6.43759,Lewis and Harris Coastal,https://www.sepa.org.uk/data-visualisation/water-classification-hub/?display=information_sheet&waterbodyid=100054,Lowland,Medium alkalinity,Deep
Loch Osgaig,1.68,West Highland,58.05423,-5.31728,Minch Coastal,https://www.sepa.org.uk/data-visualisation/water-classification-hub/?display=information_sheet&waterbodyid=100084,Lowland,Medium alkalinity,Deep
Loch Pattack,0.72,Argyll,56.87917,-4.39966,River Lochy,https://www.sepa.org.uk/data-visualisation/water-classification-hub/?display=information_sheet&waterbodyid=100210,Mid-altitude,Medium alkalinity,Deep
Loch Poll,0.83,West Highland,58.22176,-5.23407,Minch Coastal,https://www.sepa.org.uk/data-visualisation/water-classification-hub/?display=information_sheet&waterbodyid=100049,Lowland,Medium alkalinity,Deep
Loch Righ Mor,0.72,Argyll,55.99832,-5.94507,Jura Coastal,https://www.sepa.org.uk/data-visualisation/water-classification-hub/?display=information_sheet&waterbodyid=100281,Lowland,Medium alkalinity,Deep
Loch Ruthven,1.54,North Highland,57.31952,-4.29932,River Ness,https://www.sepa.org.uk/data-visualisation/water-classification-hub/?display=information_sheet&waterbodyid=100167,Mid-altitude,Medium alkalinity,Deep
Loch Shiel,19.93,Argyll,56.78542,-5.60761,River Shiel,https://www.sepa.org.uk/data-visualisation/water-classification-hub/?display=information_sheet&waterbodyid=100208,Lowland,Medium alkalinity,Deep
Loch Steisebhat,0.52,West Highland,57.77713,-7.02142,Lewis and Harris Coastal,https://www.sepa.org.uk/data-visualisation/water-classification-hub/?display=information_sheet&waterbodyid=100101,Lowland,Medium alkalinity,Deep
Loch Stulabhal,0.54,West Highland,57.18481,-7.29907,South Uist Coastal,https://www.sepa.org.uk/data-visualisation/water-classification-hub/?display=information_sheet&waterbodyid=100169,Lowland,Medium alkalinity,Deep
Loch Suaineabhal,2.42,West Highland,58.15261,-6.98617,Lewis and Harris Coastal,https://www.sepa.org.uk/data-visualisation/water-classification-hub/?display=information_sheet&waterbodyid=100050,Lowland,Medium alkalinity,Deep
Loch Tay,26.4,Tay,56.50671,-4.16435,River Tay,https://www.sepa.org.uk/data-visualisation/water-classification-hub/?display=information_sheet&waterbodyid=100233,Lowland,Medium alkalinity,Deep
Loch Tollaidh,0.65,West Highland,57.7441,-5.62815,River Ewe,https://www.sepa.org.uk/data-visualisation/water-classification-hub/?display=information_sheet&waterbodyid=100110,Lowland,Medium alkalinity,Deep
Loch Tralaig,0.76,Argyll,56.29342,-5.42511,Knapdale Coastal,https://www.sepa.org.uk/data-visualisation/water-classification-hub/?display=information_sheet&waterbodyid=100256,Lowland,Medium alkalinity,Deep
Loch Truderscaig,0.71,North Highland,58.26488,-4.19757,River Helmsdale,https://www.sepa.org.uk/data-visualisation/water-classification-hub/?display=information_sheet&waterbodyid=100047,Lowland,Medium alkalinity,Shallow
Loch Turret Reservoir,1.73,Tay,56.42824,-3.93504,River Earn,https://www.sepa.org.uk/data-visualisation/water-classification-hub/?display=information_sheet&waterbodyid=100245,Mid-altitude,Medium alkalinity,Deep
Loch Uisg,0.96,Argyll,56.36076,-5.82315,Island of Mull Coastal,https://www.sepa.org.uk/data-visualisation/water-classification-hub/?display=information_sheet&waterbodyid=100249,Lowland,Medium alkalinity,Deep
Loch Urigill,1.95,West Highland,58.04351,-4.97662,River Kirkaig,https://www.sepa.org.uk/data-visualisation/water-classification-hub/?display=information_sheet&waterbodyid=100089,Lowland,Medium alkalinity,Deep
Loch Vatachan,0.54,West Highland,58.04324,-5.35924,Minch Coastal,https://www.sepa.org.uk/data-visualisation/water-classification-hub/?display=information_sheet&waterbodyid=100085,Lowland,Medium alkalinity,Deep
Loch Veyatie,2.57,West Highland,58.07524,-5.08985,River Kirkaig,https://www.sepa.org.uk/data-visualisation/water-classification-hub/?display=information_sheet&waterbodyid=100079,Lowland,Medium alkalinity,Deep
Lochan na h-Achlaise,0.73,Tay,56.59364,-4.75209,River Tay,https://www.sepa.org.uk/data-visualisation/water-classification-hub/?display=information_sheet&waterbodyid=100231,Mid-altitude,Medium alkalinity,Shallow
Lochan Shira,1.25,Argyll,56.34398,-4.95244,Loch Fyne Coastal,https://www.sepa.org.uk/data-visualisation/water-classification-hub/?display=information_sheet&waterbodyid=100252,Mid-altitude,Medium alkalinity,Deep
Lochgoin Reservoir,0.59,Clyde,55.70044,-4.3268,River Irvine,https://www.sepa.org.uk/data-visualisation/water-classification-hub/?display=information_sheet&waterbodyid=100305,Mid-altitude,Medium alkalinity,Deep
Megget Reservoir,2.43,Tweed,55.48616,-3.2807,River Tweed,https://www.sepa.org.uk/data-visualisation/water-classification-hub/?display=information_sheet&waterbodyid=100309,Mid-altitude,Medium alkalinity,Deep
Mochrum Loch,0.91,Solway,54.8423,-4.64929,River Bladnoch,https://www.sepa.org.uk/data-visualisation/water-classification-hub/?display=information_sheet&waterbodyid=100338,Lowland,Medium alkalinity,Shallow
North Loch Scadabhagh,3.36,West Highland,57.60182,-7.26951,North Uist Coastal,https://www.sepa.org.uk/data-visualisation/water-classification-hub/?display=information_sheet&waterbodyid=100121,Lowland,Medium alkalinity,Shallow
Sandwood Loch,0.97,West Highland,58.52955,-5.04503,Minch Coastal,https://www.sepa.org.uk/data-visualisation/water-classification-hub/?display=information_sheet&waterbodyid=100016,Lowland,Medium alkalinity,Deep
St Mary s Loch,2.88,Tweed,55.49503,-3.18527,River Tweed,https://www.sepa.org.uk/data-visualisation/water-classification-hub/?display=information_sheet&waterbodyid=100307,Mid-altitude,Medium alkalinity,Deep
Talla Reservoir,1.18,Tweed,55.47898,-3.39566,River Tweed,https://www.sepa.org.uk/data-visualisation/water-classification-hub/?display=information_sheet&waterbodyid=100310,Mid-altitude,Medium alkalinity,Deep
Threipmuir Reservoir,0.71,Forth,55.86063,-3.32339,Water of Leith,https://www.sepa.org.uk/data-visualisation/water-classification-hub/?display=information_sheet&waterbodyid=100291,Mid-altitude,Medium alkalinity,Shallow
White Loch,0.58,Solway,54.90672,-4.95388,Galloway Coastal,https://www.sepa.org.uk/data-visualisation/water-classification-hub/?display=information_sheet&waterbodyid=100336,Lowland,Medium alkalinity,Deep
Woodhall Loch,0.65,Solway,54.98383,-4.07948,River Dee (Solway),https://www.sepa.org.uk/data-visualisation/water-classification-hub/?display=information_sheet&waterbodyid=100333,Lowland,Medium alkalinity,Deep
Cotehill Pond,0.0186,Solway,54.8569,-2.8328,River Eden,https://www.sepa.org.uk/data-visualisation/water-classification-hub/?display=information_sheet&waterbodyid=GB30228559,,Medium alkalinity,Shallow
Haweswater Reservoir,3.79,Solway,54.5262,-2.7959,River Eden,https://www.sepa.org.uk/data-visualisation/water-classification-hub/?display=information_sheet&waterbodyid=GB30229073,,Medium alkalinity,Deep
Ullswater,8.6821,Solway,54.5752,-2.8927,River Eden,https://www.sepa.org.uk/data-visualisation/water-classification-hub/?display=information_sheet&waterbodyid=GB30228955,,Medium alkalinity,Deep
Eela Water,0.64,Orkney and Shetland,60.49039,-1.39945,Shetland Coastal,https://www.sepa.org.uk/data-visualisation/water-classification-hub/?display=information_sheet&waterbodyid=100001,Lowland,Peat,Deep
Loch a  Bhealaich,0.66,North Highland,58.20674,-4.38569,River Naver,https://www.sepa.org.uk/data-visualisation/water-classification-hub/?display=information_sheet&waterbodyid=100059,Lowland,Peat,Deep
Loch Druim a  Chliabhain,1.41,North Highland,58.3436,-4.03546,River Helmsdale,https://www.sepa.org.uk/data-visualisation/water-classification-hub/?display=information_sheet&waterbodyid=100040,Mid-altitude,Peat,Deep
Loch Langabhat (North Lewis),0.82,West Highland,58.40797,-6.23818,Lewis and Harris Coastal,https://www.sepa.org.uk/data-visualisation/water-classification-hub/?display=information_sheet&waterbodyid=100024,Lowland,Peat,Deep
Loch Meadie (Bettyhill),0.53,North Highland,58.51048,-4.14282,Tongue Coastal,https://www.sepa.org.uk/data-visualisation/water-classification-hub/?display=information_sheet&waterbodyid=100018,Lowland,Peat,Deep
Loch Mor Bharabhais,0.95,West Highland,58.35944,-6.54274,Lewis and Harris Coastal,https://www.sepa.org.uk/data-visualisation/water-classification-hub/?display=information_sheet&waterbodyid=100030,Lowland,Peat,Shallow
Loch More (River Thurso Catchment),1.95,North Highland,58.38706,-3.57995,River Thurso,https://www.sepa.org.uk/data-visualisation/water-classification-hub/?display=information_sheet&waterbodyid=100035,Lowland,Peat,Shallow
Loch na Seilge,0.57,North Highland,58.50258,-3.85183,Halladale River,https://www.sepa.org.uk/data-visualisation/water-classification-hub/?display=information_sheet&waterbodyid=100021,Lowland,Peat,Deep
Loch of Girlsta,0.97,Orkney and Shetland,60.25179,-1.21994,Shetland Coastal,https://www.sepa.org.uk/data-visualisation/water-classification-hub/?display=information_sheet&waterbodyid=100003,Lowland,Peat,Deep
Loch of Vaara,0.58,Orkney and Shetland,60.29338,-1.41584,Shetland Coastal,https://www.sepa.org.uk/data-visualisation/water-classification-hub/?display=information_sheet&waterbodyid=100002,Lowland,Peat,Deep
Loch Ruard,0.6,North Highland,58.36836,-3.46884,River Thurso,https://www.sepa.org.uk/data-visualisation/water-classification-hub/?display=information_sheet&waterbodyid=100038,Lowland,Peat,Deep
Loch Shurrery,0.99,North Highland,58.47763,-3.64014,Forss Water,https://www.sepa.org.uk/data-visualisation/water-classification-hub/?display=information_sheet&waterbodyid=100023,Lowland,Peat,Shallow
Loch Thundair,0.73,West Highland,57.5738,-7.17928,North Uist Coastal,https://www.sepa.org.uk/data-visualisation/water-classification-hub/?display=information_sheet&waterbodyid=100129,Lowland,Peat,Deep
Loch Urghag,1.11,West Highland,58.33191,-6.57911,Lewis and Harris Coastal,https://www.sepa.org.uk/data-visualisation/water-classification-hub/?display=information_sheet&waterbodyid=100033,Lowland,Peat,Deep
Penwhirn Reservoir,0.52,Solway,54.98586,-4.9361,Water of Luce,https://www.sepa.org.uk/data-visualisation/water-classification-hub/?display=information_sheet&waterbodyid=100332,Lowland,Peat,Deep
South Loch Scadabhagh,1.2,West Highland,57.57722,-7.22606,North Uist Coastal,https://www.sepa.org.uk/data-visualisation/water-classification-hub/?display=information_sheet&waterbodyid=100127,Lowland,Peat,Shallow
